X,Y
0.3167801426441854,1.0
0.31641572366529913,0.991461457840835
0.32967789765867317,0.9831873607768707
0.34295059510087067,0.9748984428257221
0.34629401177509056,0.9650320038545188
0.33265265339031824,0.9574263430020503
0.31012155046650514,0.9517842227167989
0.28232548504640587,0.9475554378347586
0.2529185290668332,0.9436901822286301
0.22094206258419558,0.9405535923704054
0.1880900654653741,0.9375974382031023
0.15382116411657076,0.9350270360343461
0.1207173382418456,0.9320789320621619
0.08783206092477114,0.929136251903949
0.05395961521509007,0.9263707009981169
0.02442477013608446,0.9223123093881795
0.014738905243695588,0.9153190563154536
0.041402874659570044,0.9105184949485985
0.0708531445892413,0.9066398832052124
0.10211602122836427,0.9031082310633086
0.1340231157151912,0.8999372142406968
0.16576299894103652,0.8965867449724509
0.19687075561018208,0.8932784990948974
0.22410792941681512,0.8887910240612432
0.2500259871650248,0.8840876435666547
0.271957203629682,0.8781840178134273
0.2897639169565345,0.8713465653128729
0.3034845033193032,0.863117304927584
0.31623342697258683,0.8545865081257438
0.33572813273898516,0.8477005753224088
0.3643930420774042,0.843158985143132
0.39893261597333884,0.8405416328643991
0.43785514721819396,0.839013955906624
0.4757621251968025,0.8375224384310263
0.5181691637867454,0.8369657525328557
0.5617425912370593,0.8369477206273658
0.6010511164223009,0.8359947844391641
0.6417383360675499,0.834905966368805
0.6854128079068953,0.8348853557921024
0.729103881178325,0.8348840665748476
0.7705913892372809,0.8344858364521544
0.8091945309080524,0.8329394314079183
0.8526602309744087,0.8328080321586342
0.8962134577606606,0.8327898033052691
0.9353319802099604,0.8317776013690482
0.9746645218155363,0.8305251375010853
0.9938897248919674,0.8270329183652578
0.9689616340528275,0.8241940829014216
0.9262491101389816,0.8239892683730122
0.8871880037790436,0.8225234016306069
0.8462259720039389,0.8220074264822803
0.8025423701899905,0.8220053827068875
0.7588377527804302,0.8220053827068875
0.7151331353708696,0.8220053827068875
0.6714382064164532,0.8219981309633775
0.6297275941056026,0.8212053120860975
0.5939237388635781,0.8193720980598181
0.5617852147269116,0.819521110633419
0.5249688579524359,0.8190624988967435
0.4907384240104429,0.8196687824945543
0.45639237647742403,0.8190591067507642
0.41842212069756846,0.8198919342978166
0.3749249417224483,0.8198492426349503
0.33568352130721957,0.8184149839400952
0.29497875957525643,0.8178319920596459
0.2629100615037945,0.8162011871115882
0.28432098522746707,0.8131328764416005
0.32157826283762225,0.811390482559068
0.3503790791606325,0.8078375913866555
0.3599061532811412,0.8003450627540213
0.3551630825005023,0.7901438383758699
0.3469253818912412,0.7809951544369025
0.32628419880419157,0.7747756315640955
0.31379680594030557,0.7667783078598258
0.32799900067660737,0.7590204387376271
0.3410562654312834,0.750819815875528
0.34827663841261436,0.7410569795155556
0.35125732984336433,0.7318958227145919
0.35084385870271584,0.7222046738283079
0.3450756790597116,0.7143450181877747
0.337537243005986,0.7043239935124415
0.32867076592608124,0.6949158901066762
0.3166467765758072,0.6861880021775025
0.3115305586530557,0.675954209539426
0.32201812336259583,0.6666829718600468
0.3354388694749215,0.658376620945088
0.33918827740219815,0.6483600031992467
0.327370491529287,0.6402813252822455
0.30533504179836135,0.6344832369367298
0.27958978134134016,0.6296588190767927
0.24978370683112594,0.6260516960410202
0.2176079606994903,0.622826708393285
0.18604009627818519,0.6195911227490639
0.1515687501308176,0.6171119284246973
0.1169753430979783,0.6145548551540666
0.08406139201453322,0.6115748840799028
0.05134306623003382,0.6085393942331369
0.021693077900428626,0.6044665722010366
0.007630486758423927,0.5983225762854044
0.03080427559507215,0.5932435403336231
0.05995869285597544,0.5892414289353859
0.09087726754499847,0.5856161011660339
0.12298037166428544,0.5824820494309155
0.15421260216199828,0.5790439655078268
0.1833996774610207,0.5752249468408164
0.20874118969490096,0.5702212894766888
0.23567029483306223,0.5656620041690565
0.257537476381992,0.5598748881845318
0.2761032852763803,0.5530098323412987
0.29189043806236614,0.5454946363511248
0.3065411390617001,0.5376432788628899
0.32109541262411945,0.529280741770646
0.34788077820534147,0.5243168438995442
0.3828984076424806,0.5215661218647478
0.4234069948866859,0.5207546460934277
0.4621644335886699,0.5192353477934147
0.5037592683555112,0.5187908895496989
0.5421237629621296,0.5172111486135502
0.5855032668613098,0.5170409774241921
0.6285362421602394,0.5169430998896963
0.6664776160293335,0.5154642109939837
0.7090490304586163,0.5149655028705358
0.7527511722308649,0.5149634436754766
0.7964439265802279,0.514962324233803
0.8380496668030502,0.514590586741877
0.8765576897912937,0.5130291970729107
0.9199984974091664,0.5128861436971042
0.9633356198358289,0.5128379254826079
0.9969230092434755,0.5109285158126493
0.9937493870239269,0.5066803187713647
0.9580220623328217,0.5047990942960351
0.9175518669671798,0.5041652882560029
0.8738889704856254,0.5041608856040063
0.8301868287133765,0.5041588264089472
0.7876154142840939,0.5036601182854993
0.7496740404150004,0.5021812293897866
0.7066409196500751,0.5020835176890462
0.6629369958287448,0.5020834705902619
0.6192323784191844,0.5020834705902619
0.5755513043637008,0.5020670738539917
0.5345678626292651,0.5010631782276366
0.49552794509524967,0.5000255353516099
0.4519850211718639,0.5000060555765176
0.40828040376230357,0.5000060555765176
0.364575786352743,0.5000060555765176
0.3208711689431827,0.5000060555765176
0.2772529819833289,0.4999721528675345
0.24561830873559165,0.4978469460383851
0.2688853427874782,0.4943485268311336
0.3049827794766975,0.49252652303024325
0.3312849843388941,0.4882762160899397
0.3395905155092065,0.47921562896821573
0.3385197172021801,0.46798026894727646
0.3238588187185225,0.4605644217407685
0.3032401495256656,0.4541008657595679
0.3017795331490798,0.4452215481085833
0.32024175658553045,0.43830493298055007
0.33461755695827144,0.4303923904754201
0.3397759037051713,0.42029582634946483
0.3398434858757293,0.4083472464799004
0.3398150010262486,0.39637503605896995
0.33632894707697525,0.3857134133800807
0.32535718379943157,0.3766908781047417
0.31651677127435374,0.3671088637360548
0.30807814043915527,0.35752573730009357
0.3106061845870727,0.348513195519963
0.32466360650137793,0.34045654869386754
0.33534483304886,0.33191258352692704
0.3369612667593158,0.324538764581899
0.3255804930753292,0.3179769072536197
0.3038257218977096,0.31220247131900136
0.2762747718169596,0.30792104356350797
0.246930983050899,0.3040310185356523
0.21473130633797588,0.3010246548011422
0.18048325649955266,0.29838015523187283
0.14763502658982586,0.29539060442544707
0.11441694437285155,0.29258003637655444
0.08023448589630444,0.2899084005985978
0.047413302384023304,0.28691084317654275
0.01578172796717081,0.28347775830515887
0.0,0.2776927338567285
0.02035746618355838,0.27196655343864856
0.049898114912817926,0.26775224135105646
0.08082839860902569,0.264389920884387
0.11234512802546437,0.26093744214917397
0.1439096148366643,0.2577028067598875
0.1731797890755742,0.25377664806937633
0.2019864319823932,0.24973331340808616
0.22734920811609705,0.24481658150298638
0.2518726808618035,0.23963399668011354
0.2726703299753692,0.2335228014423509
0.2880343744251921,0.2258250908698416
0.3035760787693367,0.2181462348907938
0.3208156473427537,0.2106862826063775
0.3446508172867806,0.20493957315542954
0.37645292732505586,0.20147364377399657
0.4134668600827307,0.1993426898365094
0.4520639371498847,0.19809752956700097
0.4931864435879634,0.197133643562093
0.5363058007659158,0.19703931749780754
0.5742909508257976,0.19559631897391697
0.6167122957501319,0.19504444495015985
0.660400930541075,0.19504036181330142
0.7019716390116402,0.194660774653
0.7405046200813956,0.19310256817138924
0.7839561180861194,0.19296422730368543
0.8276605559239125,0.19296411370910804
0.8710725963014896,0.19292606666098022
0.9095378392768689,0.19169617973544764
0.9511940903808263,0.19089270042649215
0.9908235714509757,0.1902197048785431
1.0,0.1856654711401709
0.9661503484152489,0.1842396849087383
0.9245756971852128,0.18342462081843358
0.88610066460665,0.18219892875293836
0.8426840209044817,0.18216156122591529
0.7989794937707331,0.1821615584736362
0.7552767332535557,0.18215996054455205
0.712641776389296,0.18168575382342594
0.674706546565532,0.18019169231077453
0.6317313425747961,0.1800841986415793
0.5880275191138533,0.18008414345989188
0.544322901704293,0.18008414345989188
0.5006195041422414,0.18008306316751596
0.45776418470317926,0.1796943213338148
0.41985011770221603,0.1781479985850409
0.37707434683592367,0.17800681683952962
0.33337092704741145,0.17800672844614754
0.2896663096378509,0.17800672844614754
0.24596885794728118,0.17800338035793217
0.2065470442553996,0.17720550748169137
0.21760437122422638,0.17448355030360987
0.25787315905207575,0.17378475937711768
0.2954090008204031,0.17206827957410273
0.3308061836219187,0.1699605731037975
0.35296581714621267,0.1649483535553102
0.3549580768618168,0.15390571717964285
0.35125272370211924,0.14340694486379274
0.3328248205526043,0.13681075650964855
0.3144280677669413,0.12970475659409678
0.322827770347075,0.12126378537897743
0.33971113108076456,0.11408482071267716
0.351891565533474,0.10568715975809513
0.35430412868160177,0.0951735513304789
0.3485553660912881,0.08478400305586635
0.3469403493652301,0.0732109006966125
0.339626172704127,0.06355023702976575
0.3272376089807967,0.05496813726678832
0.31927137149215157,0.04529905105439186
0.3278016536382953,0.035718902074011495
0.34449048411562844,0.02825574464794868
0.35358740792796284,0.019437974785470387
0.34633067592435296,0.010712727751108497
0.32662723056995446,0.004385690219546567
0.30276943023511826,0.0
